{
  "model": "K-Means",
  "n_clusters": 2,
  "silhouette_score": 0.8797085603141315,
  "inertia": 115067.52713584442,
  "cluster_sizes": {
    "0": 8925,
    "1": 25
  },
  "elbow_analysis": {
    "k_range": [
      2,
      3,
      4,
      5,
      6,
      7,
      8,
      9,
      10
    ],
    "inertias": [
      115067.52713584442,
      99597.3619474951,
      87151.47798956338,
      82827.33705219619,
      76185.961009479,
      70364.08838260657,
      65350.550144555134,
      61501.34456834908,
      58673.28697986816
    ]
  },
  "silhouette_analysis": {
    "k_range": [
      2,
      3,
      4,
      5,
      6,
      7,
      8,
      9,
      10
    ],
    "scores": [
      0.8797085603141315,
      0.20366905974735258,
      0.20859845395796975,
      0.1299115368240667,
      0.14971255939432987,
      0.12066595514515405,
      0.13376631774104517,
      0.12432871241522006,
      0.12129034857281296
    ]
  }
}