{
  "model": "K-Nearest Neighbors",
  "k": 15,
  "accuracy": 0.6607523066004258,
  "precision": 0.5949820788530465,
  "recall": 0.5684931506849316,
  "f1_score": 0.5814360770577933,
  "auc": 0.7077781237027814,
  "confusion_matrix": [
    [
      599,
      226
    ],
    [
      252,
      332
    ]
  ],
  "roc_curve": {
    "fpr": [
      0.0,
      0.0012121212121212121,
      0.006060606060606061,
      0.01818181818181818,
      0.04,
      0.07878787878787878,
      0.15272727272727274,
      0.2739393939393939,
      0.40606060606060607,
      0.5333333333333333,
      0.6521212121212121,
      0.7745454545454545,
      0.8824242424242424,
      0.9563636363636364,
      0.9903030303030304,
      1.0
    ],
    "tpr": [
      0.0,
      0.0,
      0.008561643835616438,
      0.04794520547945205,
      0.1113013698630137,
      0.2054794520547945,
      0.3835616438356164,
      0.5684931506849316,
      0.708904109589041,
      0.8236301369863014,
      0.9075342465753424,
      0.9571917808219178,
      0.9828767123287672,
      0.9931506849315068,
      0.9982876712328768,
      1.0
    ]
  },
  "k_selection": {
    "k_range": [
      3,
      5,
      7,
      9,
      11,
      13,
      15,
      17,
      19
    ],
    "k_scores": [
      0.6188786373314408,
      0.6132008516678495,
      0.6302342086586231,
      0.6259758694109298,
      0.6501064584811923,
      0.6572036905606813,
      0.6607523066004258,
      0.6607523066004258,
      0.6557842441447835
    ]
  }
}